{"stats":{"minecraft:mined":{"minecraft:sculk":1},"minecraft:picked_up":{"minecraft:sculk":1,"minecraft:lead":5},"minecraft:used":{"minecraft:netherite_sword":3,"minecraft:lever":3,"minecraft:diamond_block":71,"minecraft:command_block":17,"minecraft:dark_oak_sign":7,"minecraft:netherite_chestplate":1,"minecraft:verdant_froglight":3,"minecraft:repeating_command_block":5,"minecraft:sandstone":451,"minecraft:redstone_block":3,"minecraft:sculk":159,"minecraft:glow_ink_sac":6},"minecraft:killed":{"minecraft:wandering_trader":1},"minecraft:dropped":{"minecraft:lead":3,"minecraft:diamond_block":3,"minecraft:sculk":1},"minecraft:custom":{"minecraft:time_since_rest":48626,"minecraft:crouch_one_cm":10449,"minecraft:sprint_one_cm":13636,"minecraft:play_time":144306,"minecraft:deaths":1,"minecraft:damage_taken":247,"minecraft:walk_one_cm":129190,"minecraft:sneak_time":6701,"minecraft:mob_kills":1,"minecraft:drop":7,"minecraft:jump":523,"minecraft:damage_dealt":595,"minecraft:leave_game":5,"minecraft:time_since_death":48600,"minecraft:total_world_time":718079,"minecraft:talked_to_villager":2,"minecraft:fall_one_cm":1455,"minecraft:fly_one_cm":646331}},"DataVersion":3567}